PI_lower,PI_upper,CI_lower,CI_upper,truth,race
-0.11409924852413567,0.3618179917742025,-0.17705143256945577,0.45790601311041174,0.06592272337773619,White-vs-Rest
-0.23208411483923463,0.2701431179230137,-0.3596319106654349,0.31845597938833803,0.148408616249755,Black-vs-Rest
-0.4828364939663758,-0.25074150460160716,-0.5824325550042282,-0.13535909995282516,-0.38370283095348756,Asian-vs-Rest
