PI_lower,PI_upper,CI_lower,CI_upper,truth,race
-0.3515582600168502,0.6389906828513472,-0.3996197630959675,0.7355911249512032,0.06592272337773619,White-vs-Rest
-0.5820226457324147,0.31989162960022866,-0.7073864110816512,0.3685328812755979,0.148408616249755,Black-vs-Rest
-0.8306592647086621,0.26636878147341514,-0.8614474372757666,0.31112978954066306,-0.38370283095348756,Asian-vs-Rest
