PI_lower,PI_upper,CI_lower,CI_upper,truth,race
0.0033590427033558523,0.12245545707657413,-0.05756733371568762,0.19377489605271891,0.06592272337773619,White-vs-Rest
0.08273284263556524,0.18540942134938576,0.016467511122632297,0.2335092005197584,0.148408616249755,Black-vs-Rest
-0.4046310943763927,-0.3649258405026231,-0.5144903319184306,-0.25325297767574473,-0.38370283095348756,Asian-vs-Rest
