PI_lower,PI_upper,CI_lower,CI_upper,truth,race
-0.22448489597679255,0.6839453432508279,-0.2306030338245788,0.6922003620728908,0.08538587214308746,White-vs-Rest
-0.8053396320138505,0.21025729031280083,-0.8129527488233984,0.21790573866582502,-0.19472638260325048,Black-vs-Rest
-0.6231898936509861,0.21155578578411527,-0.6337650423476422,0.21951291071619644,0.014170115032328345,API-vs-Rest
