PI_lower,PI_upper,CI_lower,CI_upper,truth,race
-0.23063010479978752,0.9233989998622363,-0.23314876959967099,0.9268968071662161,0.08538587214308746,White-vs-Rest
-0.8479848006148067,0.2142232224727747,-0.8501399702711423,0.21752448700072335,-0.19472638260325048,Black-vs-Rest
-0.8712025121883569,0.2156748073678545,-0.876205316216991,0.2181008250980846,0.014170115032328345,API-vs-Rest
