PI_lower,PI_upper,CI_lower,CI_upper,truth,race
-0.22339661837791103,0.687649643648187,-0.22984288009966242,0.6960131847061342,0.08538587214308746,White-vs-Rest
-0.8046631230571335,0.20767136336140235,-0.8125070653960093,0.216302977067114,-0.19472638260325048,Black-vs-Rest
-0.6211634196916962,0.21183838297603474,-0.631788447242228,0.21988043827620785,0.014170115032328345,API-vs-Rest
